phage,Genotype,EOP,EOP (complemented)
Bas08,ΔgalU,-0.918884254,0.029963223
Bas38,ΔgalU,-4.753318981,-0.283505651
Bas46,ΔgalU,-1.157123419,-0.040617851
Bas47,ΔgalU,-0.865301426,-0.108339475
Bas48,ΔgalU,-10.24303805,0.196294645
Bas50,ΔgalU,-3.614648608,0.084320886
Bas51,ΔgalU,-1.212088912,-0.087150176
Bas52,ΔgalU,-4.045757201,0.021189299
Bas55,ΔgalU,-0.896459408,0.141329153
Bas58,ΔgalU,-4.951936073,0.116777258
Bas60,ΔgalU,-10.33243846,-0.186310424
Bas61,ΔgalU,-10.17609126,-0.08795517
Bas62,ΔgalU,-5.668998095,0.071355909
C16,ΔgalU,-3.518505257,0.410904984
CEV1,ΔgalU,-1.185636575,0.044812344
EV116,ΔgalU,-3.72353792,-0.124938737
EV146,ΔgalU,-1.057991947,0.0
K11,ΔgalU,-3.636821229,0.103540592
K20,ΔgalU,-3.831087181,-0.433147317
KCP031,ΔgalU,-0.963087913,-0.537119183
L25,ΔgalU,-3.180456049,-0.180456064
LZ1,ΔgalU,-4.778064402,0.0
LZ6,ΔgalU,-3.69896132,0.255272504
Mnm1,ΔgalU,-4.970019405,-0.06694679
Mpec11,ΔgalU,-0.196820744,-0.050692708
NpE,ΔgalU,-3.022276386,0.021189299
NpM,ΔgalU,-4.037788403,0.034762106
NpN,ΔgalU,-3.073786021,0.118099312
NpV,ΔgalU,-5.361640986,0.182340208
RB51,ΔgalU,-6.609064893,-0.287019281
RB68,ΔgalU,-5.653125664,0.0
RB69,ΔgalU,-1.172630727,-0.017728767
T2,ΔgalU,-2.865301339,-0.087150176
TP5,ΔgalU,-0.95452461,-0.011429462
phi92,ΔgalU,-8.893946608,0.106053392
Bas02,ΔwaaC,-0.615423953,-0.120573931
Bas05,ΔwaaC,-1.025554104,-0.589825535
Bas06,ΔwaaC,-0.793945517,0.029963223
Bas07,ΔwaaC,-0.278753601,0.16840443
Bas08,ΔwaaC,-10.27106677,-0.028028724
Bas09,ΔwaaC,-0.522878745,0.062147907
Bas10,ΔwaaC,-0.809185484,0.014723257
Bas12,ΔwaaC,-0.636822098,0.103540592
Bas14,ΔwaaC,-1.04575749,-0.279840697
Bas15,ΔwaaC,-1.986636023,-0.103749437
Bas16,ΔwaaC,-0.87221342,0.367159674
Bas17,ΔwaaC,-0.956534305,0.101457641
Bas18,ΔwaaC,-9.194976603,0.202963405
Bas19,ΔwaaC,-9.383216752,0.315753252
Bas20,ΔwaaC,-9.265211028,0.278857017
Bas21,ΔwaaC,-0.613959215,-0.091080469
Bas22,ΔwaaC,-3.28429502,-0.271066772
Bas23,ΔwaaC,-0.691283176,-0.316824263
Bas24,ΔwaaC,-0.77003336,0.150785394
Bas25,ΔwaaC,-9.661181444,-0.087150176
Bas26,ΔwaaC,-3.698969136,-0.070581074
Bas29,ΔwaaC,-0.967330883,0.441793292
Bas34,ΔwaaC,-0.937852092,0.208275942
Bas36,ΔwaaC,-9.970036777,-0.053582828
Bas38,ΔwaaC,-9.452297671,-0.054357662
Bas39,ΔwaaC,-5.278744915,-0.181843588
Bas40,ΔwaaC,-2.425968723,-0.306782325
Bas41,ΔwaaC,-6.300943145,-0.647817482
Bas42,ΔwaaC,-0.881900687,-0.124938737
Bas43,ΔwaaC,-4.916445263,-0.875061263
Bas44,ΔwaaC,-1.204119972,-0.338818556
Bas45,ΔwaaC,-5.213864028,0.22184875
Bas46,ΔwaaC,-9.669006781,-0.040617851
Bas47,ΔwaaC,-3.70607792,0.243843043
Bas48,ΔwaaC,-10.24303805,0.057991947
Bas50,ΔwaaC,-9.544068044,0.455931956
Bas51,ΔwaaC,-10.26324143,-0.263241435
Bas52,ΔwaaC,-10.22184875,-0.045757491
Bas55,ΔwaaC,-10.3357921,-0.335792102
Bas58,ΔwaaC,-10.1949766,-0.018885344
Bas60,ΔwaaC,-10.33243846,-0.156347201
Bas61,ΔwaaC,-10.17609126,0.22184875
Bas62,ΔwaaC,-10.36797679,-0.06694679
Bas64,ΔwaaC,-4.832505438,-0.054357662
Bas65,ΔwaaC,-4.31806264,-0.113943352
Bas66,ΔwaaC,-5.278744915,-0.102662342
Bas67,ΔwaaC,-2.35654732,-0.22184875
Bas68,ΔwaaC,-3.756961703,0.096910013
C16,ΔwaaC,-8.217483947,0.259637309
CEV1,ΔwaaC,-9.583576586,0.093117024
CEV2,ΔwaaC,-0.840299157,-0.310789833
CM8,ΔwaaC,-10.47712125,-0.587819552
CM8m1,ΔwaaC,-9.135662602,0.075190763
CM8m3,ΔwaaC,-2.861695725,0.051152522
CM8m4,ΔwaaC,-1.063669072,0.019305155
CPL00121,ΔwaaC,-0.346787486,-0.249877473
CPL00124,ΔwaaC,-0.659098492,-0.256610856
CPL00136,ΔwaaC,-0.162727297,0.458637849
CPL00144L,ΔwaaC,-0.706148589,-0.46311054
CPL00146S,ΔwaaC,-0.530704083,-0.094975513
CPL00151,ΔwaaC,-0.278167113,0.031135409
CPL00187,ΔwaaC,-0.793945517,-0.025554104
CPL00220,ΔwaaC,-0.397940009,0.041392685
CPL00224,ΔwaaC,0.326246784,0.305725117
CPL00229,ΔwaaC,-0.116505569,-0.116505569
EV116,ΔwaaC,-9.920818754,0.477121255
EV146,ΔwaaC,-10.30103,-0.301029996
EV240,ΔwaaC,-9.726998728,-0.15296746
JK16,ΔwaaC,-0.330484975,0.131124114
JK23,ΔwaaC,-10.41218045,0.542062062
JK32,ΔwaaC,-0.759450752,-0.075720714
JK36,ΔwaaC,-0.6809469,0.405239247
JK38,ΔwaaC,-4.972846175,-0.315270435
JK42,ΔwaaC,-0.505149978,0.318758763
JK45,ΔwaaC,-0.855317205,-0.077165955
K11,ΔwaaC,-9.335792102,-0.034762106
K18,ΔwaaC,-4.313993394,-0.012964977
K20,ΔwaaC,-10.30820858,-0.512328563
K25,ΔwaaC,-0.598599459,-0.075720714
KCP055,ΔwaaC,-0.944482672,-0.602059991
KCP064,ΔwaaC,-10.92081875,-0.142667504
KCP072,ΔwaaC,-4.701592569,0.035164417
L25,ΔwaaC,-2.22141467,0.079181246
LZ1,ΔwaaC,-8.477121256,0.45229767
LZ10,ΔwaaC,-10.3357921,-0.197489404
LZ4,ΔwaaC,-5.060689155,0.291484678
LZ5,ΔwaaC,-4.405763767,-0.243038049
LZ6,ΔwaaC,-3.958591524,0.176091258
Lambda,ΔwaaC,-1.168603237,-0.092214892
M1,ΔwaaC,-8.920818754,0.130333768
MPec26,ΔwaaC,-0.698970004,-0.086186148
Mpec11,ΔwaaC,-2.050581022,0.007299239
Mpec2,ΔwaaC,-1.010995384,-0.124938737
NpAA,ΔwaaC,-1.237088716,-0.172363387
NpG,ΔwaaC,-0.22184875,0.322219295
NpJ,ΔwaaC,-6.194889753,0.185234638
NpR,ΔwaaC,-9.425968732,-0.483960679
NpS,ΔwaaC,-2.401145144,-0.137903714
NpW,ΔwaaC,-10.77815125,0.273001272
Ox2,ΔwaaC,-0.714764271,0.029963223
Ox4,ΔwaaC,-9.054357663,0.246672333
RB33,ΔwaaC,-1.554593157,-0.041698634
RB38,ΔwaaC,-0.315753252,-0.079181246
RB49,ΔwaaC,-0.124938737,-0.037788561
RB51,ΔwaaC,-10.00717858,0.043973938
RB51m1,ΔwaaC,-9.801632346,-0.148419832
RB68,ΔwaaC,-9.352182518,0.087150176
RB68m1,ΔwaaC,-5.054348977,-0.124938737
RB69,ΔwaaC,-10.31875876,-0.017728767
Sew9,ΔwaaC,-4.899785772,0.100212649
T2,ΔwaaC,-1.387456947,0.231608587
T4,ΔwaaC,-1.439541537,-0.238882089
T5,ΔwaaC,-0.367976785,-0.301029996
T6,ΔwaaC,-0.970036776,-0.040617851
T7,ΔwaaC,-9.790050474,-0.091080469
TP3,ΔwaaC,-1.483960679,-0.124938737
TP5,ΔwaaC,-10.10833947,-0.108339475
TulB,ΔwaaC,-10.72699873,-0.613055376
phi92,ΔwaaC,-8.893946608,0.106053392
Bas02,ΔwaaF,-0.288065018,-0.740362689
Bas05,ΔwaaF,-0.464886798,-0.3265841
Bas06,ΔwaaF,-0.43855786,-0.06694679
Bas07,ΔwaaF,0.265314443,0.01128101
Bas08,ΔwaaF,-10.27106677,-0.642677842
Bas09,ΔwaaF,-0.406373176,-0.092754053
Bas10,ΔwaaF,-0.103036895,0.035912556
Bas12,ΔwaaF,-0.707403172,0.103540592
Bas14,ΔwaaF,-0.434742657,-0.170696227
Bas15,ΔwaaF,-0.705809428,-0.073786214
Bas16,ΔwaaF,-0.227601078,0.596307662
Bas17,ΔwaaF,-0.324511091,0.043465694
Bas18,ΔwaaF,-9.194976603,0.202963405
Bas19,ΔwaaF,-5.684159897,0.616783248
Bas20,ΔwaaF,-3.20451281,0.211910227
Bas21,ΔwaaF,-0.216019206,-0.091080469
Bas22,ΔwaaF,-1.367976785,-0.06694679
Bas23,ΔwaaF,-0.617854258,-0.492915522
Bas24,ΔwaaF,-0.645094623,-0.159018526
Bas25,ΔwaaF,-5.221832957,-0.00796893
Bas26,ΔwaaF,-0.657577319,0.004321374
Bas29,ΔwaaF,0.189455221,0.670941281
Bas34,ΔwaaF,-0.1744241,0.208275942
Bas36,ΔwaaF,-0.316824263,0.234083206
Bas38,ΔwaaF,0.05958569,-0.209259622
Bas39,ΔwaaF,0.136219747,0.374458913
Bas40,ΔwaaF,-0.265389639,0.073428917
Bas41,ΔwaaF,-0.580870691,-0.182930683
Bas42,ΔwaaF,-0.086020671,0.148062535
Bas43,ΔwaaF,-1.041392684,-0.895264649
Bas44,ΔwaaF,0.257761303,0.212003813
Bas45,ΔwaaF,-0.589825535,-0.89085553
Bas46,ΔwaaF,-0.580870692,0.029963223
Bas47,ΔwaaF,-0.388180171,-0.097615609
Bas48,ΔwaaF,-10.24303805,-0.191885526
Bas50,ΔwaaF,-9.544068044,0.385350881
Bas51,ΔwaaF,-10.26324143,-0.231832971
Bas52,ΔwaaF,-10.22184875,-0.124938737
Bas55,ΔwaaF,-10.3357921,0.016390416
Bas58,ΔwaaF,-10.1949766,0.048061445
Bas60,ΔwaaF,-10.33243846,0.019744058
Bas61,ΔwaaF,-10.17609126,0.06694679
Bas62,ΔwaaF,-10.36797679,0.143906576
Bas64,ΔwaaF,-0.417535565,-0.417535565
Bas65,ΔwaaF,-0.870905303,-0.268845312
Bas66,ΔwaaF,-0.676693609,-0.538390911
Bas67,ΔwaaF,-1.0,-0.22184875
Bas68,ΔwaaF,-0.647817482,-0.425968732
C16,ΔwaaF,-0.027152246,-0.12057393
CEV1,ΔwaaF,-0.708515322,0.467575937
CEV2,ΔwaaF,-0.539269161,-0.21387982
CM8,ΔwaaF,-0.301029996,-0.455931956
CM8m1,ΔwaaF,-0.737722592,-0.482450088
CM8m3,ΔwaaF,-0.312025378,-0.230992128
CM8m4,ΔwaaF,-0.564271428,-0.138302698
CPL00151,ΔwaaF,-0.370921166,-0.149072416
CPL00187,ΔwaaF,-0.808668774,-0.492915522
EV116,ΔwaaF,-9.920818754,0.176091259
EV146,ΔwaaF,-10.30103,0.0
EV240,ΔwaaF,-0.301029996,-0.793945517
JK16,ΔwaaF,0.235859464,-0.162080545
JK23,ΔwaaF,-0.111150452,0.216208482
JK32,ΔwaaF,0.064457989,0.079181246
JK36,ΔwaaF,-0.34132459,-0.259137834
JK38,ΔwaaF,-0.169142399,-0.014240439
JK42,ΔwaaF,0.008600172,-0.337242168
JK45,ΔwaaF,-0.410904986,0.066216269
K11,ΔwaaF,-0.335792102,-0.432702115
K18,ΔwaaF,-0.124938737,0.422763592
K20,ΔwaaF,-2.065170529,0.089731428
K25,ΔwaaF,-0.017728767,0.120573931
KCP072,ΔwaaF,-1.109518377,0.102111207
L25,ΔwaaF,-0.22184875,-0.142667504
LZ1,ΔwaaF,-0.535113198,0.096910013
LZ10,ΔwaaF,-0.20576193,-0.344064628
LZ4,ΔwaaF,-0.884606581,-0.708515322
LZ5,ΔwaaF,-0.301029996,0.624723976
LZ6,ΔwaaF,-0.301029994,-0.221848748
Lambda,ΔwaaF,-0.680486599,-0.106455331
M1,ΔwaaF,-1.189056221,-0.410904984
MPec26,ΔwaaF,-0.15490196,0.041392685
Mpec11,ΔwaaF,-0.553368067,0.058451761
Mpec2,ΔwaaF,0.118099312,-0.147215131
NpJ,ΔwaaF,-0.31991534,-0.31991534
NpR,ΔwaaF,-2.023707333,-0.550907468
NpS,ΔwaaF,-0.916054964,-0.355387658
NpW,ΔwaaF,-0.425968732,-0.234083206
Ox2,ΔwaaF,-0.37897217,0.071355909
Ox4,ΔwaaF,-8.937852094,-0.726998726
RB33,ΔwaaF,-0.319513401,-0.057991947
RB38,ΔwaaF,-0.77815125,-0.124938737
RB49,ΔwaaF,-0.163856803,-0.243038049
RB51,ΔwaaF,-0.783163773,-0.041036852
RB51m1,ΔwaaF,-9.801632346,0.176091259
RB68,ΔwaaF,-5.653125664,-0.109144469
RB68m1,ΔwaaF,-1.313994971,-0.151267675
RB69,ΔwaaF,-0.716698771,0.033423755
Sew9,ΔwaaF,-0.03809005,-0.011761111
T2,ΔwaaF,-0.020203386,0.377736623
T4,ΔwaaF,-0.577236407,-0.054357662
T5,ΔwaaF,-0.748188027,-0.243038049
T6,ΔwaaF,-0.15712342,0.126873236
T7,ΔwaaF,-1.693140457,0.176091259
TP3,ΔwaaF,0.100670162,0.291484678
TP5,ΔwaaF,-10.10833947,0.102513891
TulB,ΔwaaF,-5.335783416,0.141329153
phi92,ΔwaaF,-8.893946608,0.147446077
Bas02,ΔwaaG,0.083546051,-0.263241435
Bas05,ΔwaaG,-0.54843285,-0.288795539
Bas06,ΔwaaG,-0.191885526,-0.015794267
Bas07,ΔwaaG,0.198367654,0.198367654
Bas08,ΔwaaG,-0.873126763,0.126873236
Bas09,ΔwaaG,-0.733732111,0.016390416
Bas10,ΔwaaG,-0.742176657,0.190814516
Bas12,ΔwaaG,-0.937852093,0.141329153
Bas14,ΔwaaG,0.051152522,0.051152522
Bas15,ΔwaaG,-1.24987747,-0.073786214
Bas16,ΔwaaG,-0.362299652,0.229776118
Bas17,ΔwaaG,-0.421421104,0.465539382
Bas18,ΔwaaG,-1.143824077,-0.217252998
Bas19,ΔwaaG,-3.684245879,0.160851292
Bas20,ΔwaaG,-1.089119766,-0.151267675
Bas21,ΔwaaG,0.156074146,-0.030382629
Bas22,ΔwaaG,-0.765916794,-0.271066772
Bas23,ΔwaaG,-0.478675083,-0.191885526
Bas24,ΔwaaG,-0.071063356,-0.177116748
Bas25,ΔwaaG,-1.360151446,-0.032792513
Bas26,ΔwaaG,-1.283996653,-0.086186148
Bas29,ΔwaaG,-0.329058719,0.352182518
Bas34,ΔwaaG,-0.284639579,0.907245947
Bas36,ΔwaaG,0.135473408,0.206054482
Bas38,ΔwaaG,-0.474574065,-0.179296399
Bas39,ΔwaaG,0.32330639,0.198367654
Bas40,ΔwaaG,-0.173243416,0.316466966
Bas41,ΔwaaG,-0.471726222,0.503450193
Bas42,ΔwaaG,-0.30786942,0.273001272
Bas43,ΔwaaG,-0.372385904,-0.916453948
Bas44,ΔwaaG,0.035912556,0.792874503
Bas45,ΔwaaG,-0.492915522,-0.254033433
Bas46,ΔwaaG,-0.271066772,0.260412145
Bas47,ΔwaaG,-0.431645865,-0.076931011
Bas48,ΔwaaG,-10.24303805,-0.06694679
Bas50,ΔwaaG,-9.544068044,0.0
Bas51,ΔwaaG,-10.26324143,0.088941083
Bas52,ΔwaaG,-10.22184875,-0.045757491
Bas55,ΔwaaG,-10.3357921,0.016390416
Bas58,ΔwaaG,-10.1949766,-0.018885344
Bas60,ΔwaaG,-10.33243846,-0.27174062
Bas61,ΔwaaG,-10.17609126,-0.875061263
Bas62,ΔwaaG,-10.36797679,-0.793945517
Bas64,ΔwaaG,-2.791116196,0.246672333
Bas65,ΔwaaG,-3.636821953,0.116505569
Bas66,ΔwaaG,-4.538389332,0.0
Bas67,ΔwaaG,-1.585026651,-0.15490196
Bas68,ΔwaaG,-3.279840614,-0.057991947
C16,ΔwaaG,0.083546051,0.435728568
CEV1,ΔwaaG,-0.144243892,0.319513401
CEV2,ΔwaaG,-0.711204461,0.045757491
CM8,ΔwaaG,-0.37161107,-0.602059991
CM8m1,ΔwaaG,0.216519916,-0.339782584
CM8m3,ΔwaaG,0.051152522,0.615423951
CM8m4,ΔwaaG,-0.439332692,-0.196294645
CPL00151,ΔwaaG,-0.295200452,0.209949526
CPL00187,ΔwaaG,-0.316824263,-0.451522837
EV116,ΔwaaG,-1.545155138,0.217483944
EV146,ΔwaaG,-10.30103,-0.057991947
EV240,ΔwaaG,-0.634244674,-0.447158031
JK16,ΔwaaG,-0.005553026,0.089731428
JK23,ΔwaaG,0.064940807,-0.111150452
JK32,ΔwaaG,0.164352856,0.079181246
JK36,ΔwaaG,-0.068323318,0.018826857
JK38,ΔwaaG,0.064940807,-0.412180448
JK42,ΔwaaG,-0.251811973,0.041392685
JK45,ΔwaaG,-0.306169635,-0.063131587
K11,ΔwaaG,-0.460730838,0.141329153
K18,ΔwaaG,0.05958569,-0.355387658
K20,ΔwaaG,-1.868875885,0.067455034
K25,ΔwaaG,-0.101274818,0.120573931
KCP072,ΔwaaG,-0.198918789,-0.109518378
L25,ΔwaaG,-0.180456064,-0.318758763
LZ1,ΔwaaG,-0.535113198,0.066946789
LZ10,ΔwaaG,-0.004116566,-0.402056575
LZ4,ΔwaaG,-0.781944239,-1.06069784
LZ5,ΔwaaG,0.057991947,-0.301029996
LZ6,ΔwaaG,0.230448921,0.113943352
Lambda,ΔwaaG,-0.522878745,-0.177036405
M1,ΔwaaG,-0.474574064,-1.026328929
MPec26,ΔwaaG,-0.397940009,0.301029996
Mpec11,ΔwaaG,-0.132362755,-0.110460913
Mpec2,ΔwaaG,0.118099312,0.051152522
NpJ,ΔwaaG,-0.592916612,-0.416825353
NpR,ΔwaaG,-1.073781387,-0.182930684
NpS,ΔwaaG,-0.285349791,-0.656417654
NpW,ΔwaaG,-0.836143197,-0.124938737
Ox2,ΔwaaG,-0.367976785,0.143906576
Ox4,ΔwaaG,-5.238795239,-1.460730825
RB33,ΔwaaG,-0.234083206,0.253257214
RB38,ΔwaaG,-1.0,-0.176091259
RB49,ΔwaaG,0.057991947,0.234083206
RB51,ΔwaaG,-1.659848567,-0.266815895
RB51m1,ΔwaaG,-5.36228386,-0.041964502
RB68,ΔwaaG,-1.229966637,0.087150176
RB68m1,ΔwaaG,-0.510289618,-0.012964977
RB69,ΔwaaG,-0.196542884,-0.318758763
Sew9,ΔwaaG,-0.096081997,-0.339120045
T2,ΔwaaG,0.21387982,0.112422179
T4,ΔwaaG,-0.209259622,0.091770373
T5,ΔwaaG,-1.201645363,-0.243038049
T6,ΔwaaG,0.071355909,0.109144469
T7,ΔwaaG,-2.606780602,0.261102049
TP3,ΔwaaG,-0.320335151,0.337242168
TP5,ΔwaaG,-10.10833947,-0.047641634
TulB,ΔwaaG,-5.335783416,0.404570588
phi92,ΔwaaG,-8.893946608,-3.194975735
Bas05,ΔsdaC,-0.464886798,-0.413734276
Bas06,ΔsdaC,-6.124913921,-0.191885526
Bas07,ΔsdaC,-4.538389332,0.0
Bas09,ΔsdaC,-5.858656371,-0.092754053
Bas10,ΔsdaC,-0.411245475,-0.01913501
Bas12,ΔsdaC,-1.659098491,0.103540592
Bas15,ΔsdaC,-0.019428552,-0.028028724
Bas16,ΔsdaC,0.087669356,0.388699352
Bas17,ΔsdaC,0.127786579,-0.199572355
Bas26,ΔsdaC,0.113943352,0.041392685
Bas29,ΔsdaC,0.176091259,0.574031268
Bas34,ΔsdaC,0.317420412,-0.034762106
CEV2,ΔsdaC,-0.141329153,-0.21387982
CPL00121,ΔsdaC,-6.903003137,-0.057991947
CPL00124,ΔsdaC,0.016390416,0.062147907
CPL00134L,ΔsdaC,-0.388180171,0.028645181
CPL00136,ΔsdaC,0.0,0.669006781
CPL00144L,ΔsdaC,-1.383929294,0.293851411
CPL00146S,ΔsdaC,-0.15712342,0.029963223
CPL00220,ΔsdaC,-0.045757491,0.041392685
CPL00224,ΔsdaC,-3.009472913,0.659461463
CPL00229,ΔsdaC,-0.084320886,0.070581074
CPL00259L,ΔsdaC,0.15296746,0.550907469
JK16,ΔsdaC,-4.567844312,-0.018173969
K25,ΔsdaC,0.033423755,-0.180456064
KCP017,ΔsdaC,-0.21387982,0.288795539
KCP042,ΔsdaC,-0.141329153,0.023481096
KCP045,ΔsdaC,-0.201645364,0.251811973
KCP055,ΔsdaC,-6.301014203,0.259637311
KCP064,ΔsdaC,0.240549248,0.255272505
MPec26,ΔsdaC,0.113943352,-0.008773924
NpAA,ΔsdaC,-2.383211321,0.336942552
NpB,ΔsdaC,-0.238882052,-1.23888127
NpG,ΔsdaC,0.0,0.397940009
NpK,ΔsdaC,-2.287650323,-6.726998809
NpU,ΔsdaC,0.124938737,0.367976785
NpY,ΔsdaC,0.176091259,0.477121255
Ox2,ΔsdaC,-1.714764271,0.029963223
Phoecom,ΔsdaC,-10.45229767,-0.100115153
RB38,ΔsdaC,-1.455931955,-0.176091259
T5,ΔsdaC,-1.51265958,-0.382700042
Bas02,ΔdcrB,0.072550667,0.259637311
Bas05,ΔdcrB,-0.765916794,-0.367976785
Bas06,ΔdcrB,-3.09497549,0.029963223
Bas07,ΔdcrB,-1.650364669,-0.375663614
Bas09,ΔdcrB,-3.092754028,0.016390416
Bas10,ΔdcrB,0.352182518,-0.383216752
Bas12,ΔdcrB,-1.238882089,-0.131672119
Bas14,ΔdcrB,-0.010995384,0.105510185
Bas15,ΔdcrB,-0.073786214,0.013363962
Bas16,ΔdcrB,0.381637497,-0.081473043
Bas17,ΔdcrB,0.043465694,0.01128101
Bas18,ΔdcrB,-0.173787304,0.106053392
Bas19,ΔdcrB,0.446087021,-3.684245879
Bas20,ΔdcrB,-0.375909325,-4.566232338
Bas25,ΔdcrB,-2.184060174,-0.032792513
Bas26,ΔdcrB,0.0,-0.040958608
Bas29,ΔdcrB,0.46333297,0.068881289
Bas34,ΔdcrB,0.208275942,0.208275942
CEV2,ΔdcrB,-0.352182518,-0.051152522
CPL00121,ΔdcrB,-2.162727296,-0.896623945
CPL00124,ΔdcrB,-0.238882089,-0.299362836
CPL00134L,ΔdcrB,-0.099384632,-0.245512668
CPL00136,ΔdcrB,0.0,0.39064077
CPL00144L,ΔdcrB,-1.53005733,-0.184356939
CPL00146S,ΔdcrB,-0.124938737,-0.040617851
CPL00220,ΔdcrB,-0.022276395,-0.204119983
CPL00224,ΔdcrB,-1.303396728,0.087364695
CPL00229,ΔdcrB,-0.276206412,-0.084320886
CPL00259L,ΔdcrB,0.191885526,0.249877473
JK16,ΔdcrB,-1.706148587,-0.405118593
K25,ΔdcrB,-0.308034897,0.158362492
KCP017,ΔdcrB,0.045757491,0.087150176
KCP042,ΔdcrB,-0.024823584,-0.158362492
KCP045,ΔdcrB,-0.191885526,0.044203662
KCP055,ΔdcrB,-2.111973758,-0.020203386
KCP064,ΔdcrB,-0.045757491,-0.142667504
MPec26,ΔdcrB,-0.096910013,0.146128036
NpAA,ΔdcrB,-1.684246747,-0.095975041
NpB,ΔdcrB,-0.197489375,-0.062790822
NpG,ΔdcrB,-0.096910013,0.462397998
NpK,ΔdcrB,-6.726998809,-0.425426068
NpU,ΔdcrB,0.0,-0.124938737
NpY,ΔdcrB,0.248641926,-0.212088912
Ox2,ΔdcrB,-1.401835052,-0.191885526
Phoecom,ΔdcrB,-10.45229767,-0.474574066
RB38,ΔdcrB,-2.176091257,0.06694679
T5,ΔdcrB,-2.146128034,-0.104735351
Bas06,ΔbtuB,-11.18563658,-0.621365147
Bas10,ΔbtuB,-9.522878745,-0.301029996
Bas26,ΔbtuB,-10.30103,-0.37161107
Bas29,ΔbtuB,-10.50060235,-0.816355603
Bas34,ΔbtuB,-9.903089987,-0.639848552
CPL00121,ΔbtuB,-10.60205999,-0.712758289
CPL00124,ΔbtuB,-10.6368221,-1.06279083
CPL00136,ΔbtuB,-10.77815125,-0.726998728
CPL00144L,ΔbtuB,-10.70614859,-2.007178584
CPL00146S,ΔbtuB,-10.66900678,-0.492915522
CPL00220,ΔbtuB,-10.69897,-0.958607315
CPL00224,ΔbtuB,-10.18563658,-1.486666572
CPL00229,ΔbtuB,-10.62838893,-1.0
JK16,ΔbtuB,-10.06694679,-0.15490196
K25,ΔbtuB,-10.52287875,-0.22184875
KCP055,ΔbtuB,-10.74036269,-1.497324641
KCP064,ΔbtuB,0.258876629,-0.614393726
MPec26,ΔbtuB,-5.380209939,-0.639848552
NpAA,ΔbtuB,-10.68424675,-0.871333391
NpG,ΔbtuB,-10.69897,-0.610833916
Ox2,ΔbtuB,-1.322219294,-0.77815125
RB38,ΔbtuB,-1.404014156,0.023481096
Bas05,ΔfhuA,-10.76591679,-1.191885526
Bas07,ΔfhuA,-9.977723605,-0.50060235
Bas09,ΔfhuA,-10.3357921,-0.858670847
Bas12,ΔfhuA,-10.3357921,-1.118308157
Bas15,ΔfhuA,-9.425968732,0.503450193
Bas16,ΔfhuA,-9.801632346,0.239760339
Bas17,ΔfhuA,-9.500602351,0.441405702
CEV2,ΔfhuA,-10.65321251,-2.301029994
CPL00134L,ΔfhuA,-10.04139269,-0.439332694
CPL00221,ΔfhuA,-4.30678163,-0.528631074
CPL00259L,ΔfhuA,-10.35218252,0.045757491
KCP017,ΔfhuA,-10.65321251,-0.301029996
KCP042,ΔfhuA,-10.65321251,-0.653212514
KCP045,ΔfhuA,-4.320052974,-0.191885526
NpB,ΔfhuA,-0.12493872,-1.23888127
NpK,ΔfhuA,-6.726998809,-2.329041429
NpU,ΔfhuA,-0.286789557,-0.176091259
NpY,ΔfhuA,-10.26324143,-0.242052136
Phoecom,ΔfhuA,-10.45229767,-0.276206412
T5,ΔfhuA,-10.54406804,-0.492915522
Bas45,ΔompA,-4.492914364,-2.367976777
CM8m1,ΔompA,-9.135662602,-0.507273671
CM8m4,ΔompA,-8.74036269,-0.643452674
EV240,ΔompA,-9.84509804,-0.89085553
LZ10,ΔompA,-9.946124619,-0.70308657
M1,ΔompA,-8.628388931,-0.929418918
Mpec2,ΔompA,0.176091259,0.118099312
Ox4,ΔompA,-8.937852094,-1.02139814
RB49,ΔompA,-9.243038049,-0.890855529
Bas40,ΔompC,-5.061265709,-0.740934506
Bas41,ΔompC,-10.0,-1.425968731
Bas42,ΔompC,-9.425968732,-0.303752854
Bas44,ΔompC,-8.778151251,-0.933053205
JK36,ΔompC,-9.992700761,0.048691924
JK42,ΔompC,-10.07918125,-0.425968732
JK45,ΔompC,-10.1563472,-0.436187897
KCP072,ΔompC,-10.14092684,-0.420767539
RB33,ΔompC,-1.897015836,-0.595985844
T4,ΔompC,-3.937851225,-0.335792102
TP3,ΔompC,-6.550849567,-0.365270892
TulB,ΔompC,-10.72699873,-1.124938737
Bas08,ΔompF,0.029963223,-0.094975513
Bas38,ΔompF,-0.306169635,-1.975176402
Bas46,ΔompF,-0.316824263,-1.015794266
Bas47,ΔompF,-0.932248215,-1.348671629
CEV1,ΔompF,-0.379456603,-0.906882975
EV116,ΔompF,0.056904851,0.255272505
K20,ΔompF,-2.956026043,-2.512328556
RB51,ΔompF,-5.530042854,-5.308199895
RB51m1,ΔompF,-0.403692337,-4.102661473
RB68,ΔompF,-0.176091259,-1.352182514
RB68m1,ΔompF,-1.124938736,-5.054348977
RB69,ΔompF,-0.920818754,-1.26760624
Bas08,ΔompR,0.081115746,-0.229674087
Bas38,ΔompR,-1.100115151,-0.209259622
Bas40,ΔompR,-0.988718989,-0.306782325
Bas41,ΔompR,-4.301029127,-0.560667306
Bas42,ΔompR,-0.124938737,0.176091259
Bas44,ΔompR,-0.51688838,0.28254659
Bas46,ΔompR,-1.823908735,-0.191885526
Bas47,ΔompR,-1.672972967,-0.057186952
CEV1,ΔompR,-0.407485326,0.093117024
EV116,ΔompR,0.033423755,0.255272505
JK36,ΔompR,-0.448632717,-0.179787405
JK42,ΔompR,-0.338818557,0.06694679
JK45,ΔompR,-0.959066642,0.15540666
K20,ΔompR,-10.30820858,-0.211298567
KCP072,ΔompR,-0.586134932,0.083087969
RB33,ΔompR,-1.073107098,-0.003069232
RB51,ΔompR,-10.00717858,-0.609238576
RB51m1,ΔompR,-1.558594295,-0.362299652
RB68,ΔompR,-0.698970004,0.023481096
RB68m1,ΔompR,-9.753327667,0.024823584
RB69,ΔompR,-1.619788757,-0.172630727
T4,ΔompR,-1.630356051,-0.092754053
TP3,ΔompR,-0.509514784,-0.182930684
TulB,ΔompR,-6.287650242,-0.287666034
Bas08,ΔompW,0.206054482,0.168265922
Bas38,ΔompW,0.091770373,-0.209259622
Bas46,ΔompW,0.273001272,-0.094975513
Bas47,ΔompW,-0.057186952,0.243843043
CEV1,ΔompW,0.606755112,0.069635928
EV116,ΔompW,0.431363764,0.176091259
K20,ΔompW,-0.065170532,0.131124114
RB51,ΔompW,0.080957504,-0.287019281
RB51m1,ΔompW,-9.801632346,-0.362299652
RB68,ΔompW,-9.352182518,-0.109144469
RB68m1,ΔompW,-0.276206412,-0.355387658
RB69,ΔompW,-0.075720714,-0.142667504
Bas36,Δtsx,-9.970036777,-0.015794267
Bas39,Δtsx,-9.977723605,0.198367654
Bas43,Δtsx,-9.615423953,-0.740362689
CM8,Δtsx,-10.47712125,-0.380211242
CM8m1,Δtsx,-0.306358829,-0.458968992
CM8m3,Δtsx,-8.301029998,0.138302698
CM8m4,Δtsx,0.055517328,0.21387982
CPL00151,Δtsx,-10.09108047,0.047222229
CPL00187,Δtsx,-10.36797679,-0.401835053
JK23,Δtsx,-10.41218045,-0.05999793
JK32,Δtsx,-10.09691001,-0.397940009
JK38,Δtsx,-10.41218045,-0.05999793
K18,Δtsx,-9.753327667,0.024823584
LZ4,Δtsx,-9.759667845,0.100670162
LZ5,Δtsx,-9.84509804,-0.146128036
NpJ,Δtsx,-3.683092975,-0.541764089
NpR,Δtsx,-9.425968732,-0.006839425
NpS,Δtsx,-10.35538766,-0.916054964
NpW,Δtsx,-10.77815125,-0.380211242
Sew9,Δtsx,-10.33912005,-0.163028786
T6,Δtsx,-9.669006781,-0.094975513
KCP031,ΔrffE,-2.53711904,-0.713210442
Mnm1,ΔrffE,-9.367976785,-0.856093423
NpE,ΔrffE,-0.301029996,-0.070581074
NpM,ΔrffE,-3.079181229,0.477121255
NpN,ΔrffE,-9.425968732,-0.073786214
NpV,ΔrffE,-9.060697841,0.018483406
Bas01,ΔnupG,-10.09108047,0.08501079
Bas06,ΔnupG,-0.015794267,-0.143961974
Bas10,ΔnupG,0.093904503,-0.172363387
Bas26,ΔnupG,0.113943352,0.0
Bas29,ΔnupG,0.557432006,-0.028028724
Bas34,ΔnupG,0.752343987,0.176091259
CPL00221,ΔnupG,-4.62553964,-0.663329648
JK16,ΔnupG,0.293851411,-0.018173969
K25,ΔnupG,0.158362492,0.158362492
MPec26,ΔnupG,0.230448921,0.204119983
Ox2,ΔnupG,0.143906576,-0.015794267
RB38,ΔnupG,0.0,-0.079181246
Bas06,ΔyncD,0.085914629,-0.124938737
Bas10,ΔyncD,-10.47712125,-1.124938736
Bas26,ΔyncD,0.0641175,-0.212088912
Bas29,ΔyncD,-0.124938737,-0.823908741
Bas34,ΔyncD,0.301029996,-0.15490196
JK16,ΔyncD,0.037788561,-0.242052136
K25,ΔyncD,-0.107905397,-0.642065153
MPec26,ΔyncD,0.176091259,-0.711934981
NpA,ΔyncD,-7.583576597,-1.884605724
NpB,ΔyncD,-7.367976804,-1.669005931
Ox2,ΔyncD,0.026328939,-0.359021943
RB38,ΔyncD,-0.124938737,-0.550907469
Bas01,lptDΔ(Y658-Y678),-10.12493874,-10.12493874
CPL00221,lptDΔ(Y658-Y678),-0.231394067,-0.009545318
KCP031,lptDΔ(Y658-Y678),0.024823584,-0.151267675
KCP068,lptDΔ(Y658-Y678),-10.81068048,-0.805285443
Mnm1,lptDΔ(Y658-Y678),-0.522878745,-0.204119983
NpA,lptDΔ(Y658-Y678),-0.441208667,-0.587336683
NpB,lptDΔ(Y658-Y678),-0.284639533,-0.261158442
NpE,lptDΔ(Y658-Y678),-0.255272505,-0.21387982
NpM,lptDΔ(Y658-Y678),-0.249877473,-0.073786214
NpN,lptDΔ(Y658-Y678),0.029963223,-0.124938737
NpV,lptDΔ(Y658-Y678),-0.538118711,-0.265117439
Bas01,lptDΔ(L394-V396),-10.12493874,-10.12493874
CPL00221,lptDΔ(L394-V396),-0.039508541,0.176091259
KCP031,lptDΔ(L394-V396),-0.100115152,-0.151267675
KCP068,lptDΔ(L394-V396),-10.81068048,-10.81068048
Mnm1,lptDΔ(L394-V396),0.051152522,-0.057991947
NpA,lptDΔ(L394-V396),0.093904499,-0.082186752
NpB,lptDΔ(L394-V396),-0.108548306,-0.335792043
NpE,lptDΔ(L394-V396),-0.194574665,-0.22996664
NpM,lptDΔ(L394-V396),-0.124938737,-0.170696227
NpN,lptDΔ(L394-V396),0.029963223,0.090661064
NpV,lptDΔ(L394-V396),0.11163327,-0.15597297
Bas21,ΔlamB,-10.26717173,-0.02413368
Bas22,ΔlamB,-10.66900678,-0.35725292
Bas23,ΔlamB,-10.66900678,-0.316824263
Bas24,ΔlamB,-5.770018884,-0.186456775
Bas64,ΔlamB,-0.385350881,-0.355387658
Bas65,ΔlamB,-0.017033339,-0.284639579
Bas66,ΔlamB,-0.579783596,0.082974235
Bas67,ΔlamB,-0.22184875,-0.15490196
Bas68,ΔlamB,-0.455931956,-0.522878745
Lambda,ΔlamB,-10.28254659,-0.212508723
NpO,ΔlamB,-6.698970091,-0.999999218
T7,ΔlamB,0.306859539,0.176091259
Bas48,ΔnfrA,-0.942008053,-1.803705353
Bas50,ΔnfrA,-1.232314181,-2.669006723
Bas51,ΔnfrA,-1.212088912,-1.719173389
Bas52,ΔnfrA,-1.083546051,-2.221848745
Bas55,ΔnfrA,-1.446490399,-1.896459407
Bas58,ΔnfrA,-1.382063246,-2.018885341
Bas60,ΔnfrA,-0.156347201,-1.679225945
Bas61,ΔnfrA,-3.828761049,-3.602059876
Bas62,ΔnfrA,-10.36797679,-5.668998095
EV146,ΔnfrA,-2.602059983,-1.999999998
TP5,ΔnfrA,-2.756156937,-1.807309477
phi92,ΔnfrA,-8.893946608,-8.89394516
Bas08,ΔrfaH,-0.642677842,-0.642677842
Bas38,ΔrfaH,-0.67414642,-0.474574065
Bas46,ΔrfaH,-0.094975513,-0.229674087
Bas47,ΔrfaH,-0.506279483,0.029963223
Bas48,ΔrfaH,-1.10473535,0.109144469
Bas50,ΔrfaH,-1.397940006,-0.032184683
Bas51,ΔrfaH,-1.242052135,-0.020203386
Bas52,ΔrfaH,-1.083546051,-0.361510743
Bas55,ΔrfaH,-0.791724057,0.016390416
Bas58,ΔrfaH,-0.755643909,-0.173787304
Bas60,ΔrfaH,-5.893089974,-0.156347201
Bas61,ΔrfaH,-5.477112569,-0.079181246
Bas62,ΔrfaH,-5.668998095,0.109144469
CEV1,ΔrfaH,-0.629334076,-0.106455331
EV116,ΔrfaH,-0.37675071,0.158362492
EV146,ΔrfaH,-0.139661993,0.0
K20,ΔrfaH,-1.95602606,-0.330484975
RB51,ΔrfaH,-1.706148587,-0.266815895
RB68,ΔrfaH,-1.273001269,0.124938737
RB69,ΔrfaH,-0.505845406,-0.559090918
TP5,ΔrfaH,-0.756156957,-0.154096965
phi92,ΔrfaH,-8.893946608,0.274845413
Bas08,ΔwaaP,-10.27106677,-0.594373163
Bas38,ΔwaaP,-0.486155938,-0.100115153
Bas46,ΔwaaP,0.427903232,-0.124938737
Bas47,ΔwaaP,-0.154096965,0.192690521
Bas48,ΔwaaP,-10.24303805,0.057991947
Bas50,ΔwaaP,-9.544068044,0.109144469
Bas51,ΔwaaP,-4.522877956,-0.132907666
Bas52,ΔwaaP,-10.22184875,-0.22184875
Bas55,ΔwaaP,-1.791724056,-0.22184875
Bas58,ΔwaaP,-10.1949766,-0.205971988
Bas60,ΔwaaP,-10.33243846,-0.03687136
Bas61,ΔwaaP,-10.17609126,-0.037788561
Bas62,ΔwaaP,-10.36797679,0.206054482
CEV1,ΔwaaP,-0.754272812,0.069635928
EV116,ΔwaaP,-9.920818754,0.556302501
EV146,ΔwaaP,-1.91186391,-0.057991947
K20,ΔwaaP,-1.654996066,-0.220072492
RB51,ΔwaaP,-1.308208579,-0.405118593
RB68,ΔwaaP,-1.213879817,-0.051152522
RB69,ΔwaaP,-0.415668776,-0.149966742
TP5,ΔwaaP,-4.756155027,0.04547539
phi92,ΔwaaP,-8.893946608,-0.240734093
Bas48,ΔwaaY,-2.066946787,0.196294645
Bas50,ΔwaaY,-3.191885333,0.0
Bas51,ΔwaaY,-1.865301424,-0.087150176
Bas52,ΔwaaY,-1.232844133,-0.443697499
Bas55,ΔwaaY,-0.419338153,0.016390416
Bas58,ΔwaaY,-1.124938736,-0.09806659
Bas60,ΔwaaY,-5.93448108,-0.311249161
Bas61,ΔwaaY,-5.736742773,-0.315753252
Bas62,ΔwaaY,-4.928642512,-0.015794267
EV146,ΔwaaY,-1.0,0.176091259
TP5,ΔwaaY,-0.807309479,0.134698574
phi92,ΔwaaY,-8.893946608,-0.319915339
Bas48,ΔwecB,-0.731154688,0.0
Bas50,ΔwecB,-0.640978057,0.084320886
Bas51,ΔwecB,-1.23183297,-0.020203386
Bas52,ΔwecB,-0.709965389,-0.124938737
Bas55,ΔwecB,-1.369650369,-0.092754053
Bas58,ΔwecB,-1.018885344,0.048061445
Bas60,ΔwecB,-0.059437188,-0.031408464
Bas61,ΔwecB,-3.823908548,-0.875061263
Bas62,ΔwecB,-10.36797679,0.071355909
EV146,ΔwecB,-2.861697286,0.096910013
TP5,ΔwecB,-3.142197695,-0.154096965
phi92,ΔwecB,-8.893946608,-2.454613756
Bas08,ΔgmhA,-10.27106677,0.206054482
Bas36,ΔgmhA,-9.970036777,0.040687089
Bas38,ΔgmhA,-9.452297671,-0.100115153
Bas39,ΔgmhA,-5.538375119,-0.035715552
Bas40,ΔgmhA,-2.101577956,-0.324511091
Bas41,ΔgmhA,-6.300943145,-0.488116639
Bas42,ΔgmhA,-0.448245127,0.148062535
Bas43,ΔgmhA,-4.916445263,-0.51851394
Bas44,ΔgmhA,-1.681241203,-0.234083206
Bas46,ΔgmhA,-9.669006781,-0.06694679
Bas47,ΔgmhA,-3.455126865,0.074930369
CEV1,ΔgmhA,-9.583576586,0.018483406
CM8,ΔgmhA,-10.47712125,-0.176091259
EV116,ΔgmhA,-9.920818754,0.322219295
JK23,ΔgmhA,-10.41218045,0.131887597
JK32,ΔgmhA,-0.397940009,-0.096910013
JK36,ΔgmhA,-1.196820743,-0.418669493
JK38,ΔgmhA,-4.972846175,-0.139179176
JK42,ΔgmhA,-0.77815125,-0.075936191
JK45,ΔgmhA,-0.925898279,-0.343433844
K18,ΔgmhA,-5.054348977,-0.012964977
K20,ΔgmhA,-10.30820858,0.048772821
LZ4,ΔgmhA,-5.060689155,-0.06069784
LZ5,ΔgmhA,-4.146127167,0.143906576
RB33,ΔgmhA,-1.633774403,-0.106965366
RB51,ΔgmhA,-10.00717858,0.02422988
RB68,ΔgmhA,-9.352182518,0.023481096
RB69,ΔgmhA,-10.31875876,-0.088309841
Sew9,ΔgmhA,-4.899785772,-0.208786277
T4,ΔgmhA,-1.647817478,-0.124938737
T6,ΔgmhA,-0.873126763,-0.15712342
TP3,ΔgmhA,-0.772756218,-0.295634964
TulB,ΔgmhA,-10.72699873,-0.483960679
Bas36,ΔwaaD,-0.458153416,-0.249877473
Bas39,ΔwaaD,-0.433655561,-0.433655561
Bas40,ΔwaaD,-1.061269656,-0.625541087
Bas41,ΔwaaD,-3.110698241,-1.64781748
Bas42,ΔwaaD,-0.287666034,-0.103749437
Bas43,ΔwaaD,-1.176091258,-0.962211438
Bas44,ΔwaaD,-0.5351132,-0.338818556
CM8,ΔwaaD,-1.0,-0.823908741
JK23,ΔwaaD,-0.652512603,-0.139179176
JK32,ΔwaaD,-0.420216403,-0.698970004
JK36,ΔwaaD,-0.364311831,-0.293730757
JK38,ΔwaaD,-0.713210443,-0.289964569
JK42,ΔwaaD,-0.359021943,-0.14976232
JK45,ΔwaaD,0.005020801,-0.156347201
K18,ΔwaaD,-0.742603801,-0.401145148
LZ4,ΔwaaD,-0.583576585,-0.185636577
LZ5,ΔwaaD,-0.748188027,-0.243038049
RB33,ΔwaaD,-0.143688173,-0.499075831
Sew9,ΔwaaD,-0.86199879,-0.478782039
T4,ΔwaaD,-0.425968732,-0.498519399
T6,ΔwaaD,-0.293343167,-0.271066772
TP3,ΔwaaD,-0.028028724,-0.073786214
TulB,ΔwaaD,-10.72699873,-10.72699873
Bas21,ΔwaaE,-0.245982429,-0.12886903
Bas22,ΔwaaE,-6.49288657,-0.15712342
Bas23,ΔwaaE,-0.617854258,-0.229674087
Bas24,ΔwaaE,-0.618765685,0.053875381
Bas36,ΔwaaE,-9.970036777,0.302964495
Bas39,ΔwaaE,-5.278744915,0.073428917
Bas40,ΔwaaE,-1.50060235,-0.227601078
Bas41,ΔwaaE,-5.560651514,-0.425968732
Bas42,ΔwaaE,-0.749275122,-0.15296746
Bas43,ΔwaaE,-4.916445263,-1.071355907
Bas44,ΔwaaE,-0.567297883,-0.425968731
Bas64,ΔwaaE,-5.169743528,-0.385350881
Bas65,ΔwaaE,-4.569874067,0.062147907
Bas66,ΔwaaE,-5.500587874,-0.375663614
Bas67,ΔwaaE,-2.657577311,-0.48148606
Bas68,ΔwaaE,-3.756961703,-0.425968732
CM8,ΔwaaE,-10.47712125,-0.647817482
JK23,ΔwaaE,-10.41218045,-0.014240439
JK32,ΔwaaE,-2.657577303,-0.236572006
JK36,ΔwaaE,-0.691670765,-0.272541458
JK38,ΔwaaE,-3.972847596,-0.169142399
JK42,ΔwaaE,-0.124938737,-0.162727297
JK45,ΔwaaE,-0.679225946,-0.145623335
K18,ΔwaaE,-5.054348977,-0.100115153
LZ4,ΔwaaE,-4.320333572,-0.019305155
LZ5,ΔwaaE,-2.40576533,-0.104735351
Lambda,ΔwaaE,-0.738478546,-0.316404857
RB33,ΔwaaE,-0.772077102,-0.021954576
Sew9,ΔwaaE,-2.899787336,0.013062473
T4,ΔwaaE,-1.284639578,0.016390416
T6,ΔwaaE,-0.60830894,-0.094975513
T7,ΔwaaE,-9.790050474,-0.216019206
TP3,ΔwaaE,-0.647817482,-0.028028724
TulB,ΔwaaE,-10.72699873,-0.249877473
Bas08,ΔgmhB,0.859266996,0.273001272
Bas38,ΔgmhB,-1.31399497,0.678036097
Bas46,ΔgmhB,-0.726998728,0.029963223
Bas47,ΔgmhB,-0.154096965,0.243843043
CEV1,ΔgmhB,-1.583576581,0.044812344
EV116,ΔgmhB,0.380211242,0.130333768
K20,ΔgmhB,-3.868875729,-0.211298567
RB51,ΔgmhB,-10.00717858,-0.117876882
RB68,ΔgmhB,-9.352182518,0.124938737
RB69,ΔgmhB,-1.142667503,0.079181246
Bas08,ΔnarX,0.081115746,-0.174156759
Bas38,ΔnarX,0.176091259,-0.076634057
Bas46,ΔnarX,0.051152522,-0.229674087
Bas47,ΔnarX,0.152923394,-0.130615869
CEV1,ΔnarX,0.136582718,-0.071693225
EV116,ΔnarX,0.489958479,0.079181246
K20,ΔnarX,-0.007178585,-0.330484975
RB51,ΔnarX,-0.146840578,-0.229027334
RB68,ΔnarX,-0.109144469,-0.522878745
RB69,ΔnarX,-0.057495894,-0.443697499
Bas08,ΔwaaQ,-0.831734078,-0.191885526
Bas38,ΔwaaQ,-0.276206412,-0.401145148
Bas46,ΔwaaQ,-0.094975513,-0.124938737
Bas47,ΔwaaQ,-0.34867163,-0.279035702
CEV1,ΔwaaQ,0.018483406,-0.071693225
EV116,ΔwaaQ,-0.408935393,0.033423755
K20,ΔwaaQ,-1.418906877,-1.257056057
RB51,ΔwaaQ,-0.706148589,-0.745915716
RB68,ΔwaaQ,-1.109144467,-1.05115252
RB69,ΔwaaQ,-0.088309841,-0.180456064
Bas08,ΔtolC,-10.27106677,0.126873236
Bas38,ΔtolC,-0.364161582,-0.711934981
Bas46,ΔtolC,-0.316824263,-0.271066772
Bas47,ΔtolC,-0.087150176,-0.142197742
CEV1,ΔtolC,-0.039508541,0.018483406
EV116,ΔtolC,-9.920818754,0.556302501
K20,ΔtolC,-0.353966071,-0.330484975
RB51,ΔtolC,-0.567845891,-0.46311054
RB68,ΔtolC,-0.352182518,-0.592514673
RB69,ΔtolC,-0.665546249,-0.341035157
Bas21,ΔmalT,-10.26717173,-0.083901885
Bas22,ΔmalT,-10.66900678,-0.124938737
Bas23,ΔmalT,-10.66900678,-0.367976785
Bas24,ΔmalT,-6.247111188,0.150785394
Bas64,ΔmalT,-0.417535565,-0.116505569
Bas65,ΔmalT,0.129094696,0.062147907
Bas66,ΔmalT,0.198367654,-0.102662342
Bas67,ΔmalT,-0.045757491,-0.096910013
Bas68,ΔmalT,-0.488116639,-0.346787486
Lambda,ΔmalT,-10.28254659,-0.65415766
T7,ΔmalT,-0.245982429,0.209949526
Bas05,ΔsecB,-0.464886798,-0.522878745
Bas06,ΔsecB,-0.06694679,-0.061551758
Bas07,ΔsecB,0.198367654,0.265314443
Bas09,ΔsecB,-0.06279083,-0.045757491
Bas10,ΔsecB,-0.244914054,0.412663265
Bas12,ΔsecB,0.062147907,0.062147907
Bas15,ΔsecB,-0.471726223,0.085914629
Bas16,ΔsecB,0.198367654,0.395648212
Bas17,ΔsecB,-0.148419832,0.043465694
Bas26,ΔsecB,-0.420216403,0.079181246
Bas29,ΔsecB,0.273001272,0.574031268
Bas34,ΔsecB,-0.197489404,0.208275942
CEV2,ΔsecB,-0.422763592,-0.079181246
JK16,ΔsecB,0.131124114,0.235859464
K25,ΔsecB,-0.017728767,-0.075720714
MPec26,ΔsecB,-0.124938737,0.176091259
Ox2,ΔsecB,0.029963223,0.071355909
RB38,ΔsecB,-0.057991947,0.096910013
T5,ΔsecB,-0.146128036,0.084320886
Bas06,ΔsurA,-0.028028724,0.051152522
Bas10,ΔsurA,-0.510979522,-0.380211242
Bas26,ΔsurA,-0.467361417,-0.315073073
Bas29,ΔsurA,-0.114214871,-0.028028724
Bas34,ΔsurA,-0.070581074,-0.15490196
JK16,ΔsurA,0.037788561,-0.193203568
K25,ΔsurA,-0.142667504,-0.107905397
MPec26,ΔsurA,0.082362905,0.14976232
Ox2,ΔsurA,0.051152522,-0.162727297
RB38,ΔsurA,-0.09017663,-0.25963731
Bas05,ΔmetQ,-0.3265841,-1.191885526
Bas07,ΔmetQ,0.420216403,0.16840443
Bas09,ΔmetQ,-0.432702115,0.238239166
Bas12,ΔmetQ,-1.034762106,-0.896459408
Bas15,ΔmetQ,-0.425968732,0.997277142
Bas16,ΔmetQ,-3.100496194,-0.257564302
Bas17,ΔmetQ,-1.750479816,0.675488908
CEV2,ΔmetQ,-1.491844511,-1.642488648
T5,ΔmetQ,-0.421852166,-0.243038049
Bas02,lptD(Y658-Y678),-10.91645395,-0.686005027
Bas14,lptD(Y658-Y678),-10.52287875,-1.244125144
Bas18,lptD(Y658-Y678),-9.194976603,-2.683093109
Bas19,lptD(Y658-Y678),-9.383216752,-2.9438839
Bas20,lptD(Y658-Y678),-0.36212104,-2.375909269
Bas25,lptD(Y658-Y678),-9.661181444,-1.84826808
Bas02,lptD(L394-V396),-10.91645395,-1.819543935
Bas14,lptD(L394-V396),-1.501689446,-2.08354605
Bas18,lptD(L394-V396),-9.194976603,-1.54176408
Bas19,lptD(L394-V396),-9.383216752,-2.493914993
Bas20,lptD(L394-V396),-9.265211028,-2.375909269
Bas25,lptD(L394-V396),-9.661181444,-2.149298069
